model,AUC,ACC@0.50
Logistic Regression,0.7116722425977535,0.69
XGBoost,0.7769387267672424,0.7646666666666667
